Id;Price;Vendor;Status;Furnishing;Type;NumberOfBedrooms;IsFeatured;IsActive;ReferenceNumber;ViewingArrangements;Description;DisplayFrom;AvailableFrom;Area;BuildingName;DoorNumber;Street;PostCode
138;12.00000;17;;not specified       ;1;0;0;0;121;1212;1221;2009-09-07 15:34:01.000;2009-09-07 15:34:01.000;240;test;12;test;121
143;269950.00000;21;;not specified       ;1;1;0;0;          ;;This beautifully presented one bedroom top floor flat offers bright and spacious accommodation recently refurbished and provides access to a shared garden.This property comprises attractive reception room with exposed brickwork, open-plan kitchen area, gen;2009-09-07 15:34:02.000;2009-09-07 15:34:02.000;240;;179;Brondesbury Park;NW2 5JN   
160;920000.00000;48;;not specified       ;1;4;0;0;          ;;We are happy to offer you this very spacious 4 bedroom detached house located on the South side of Hampstead Garden Suburb.. The property offers four double bedrooms, two receptions, two bathroom, cloakroom, garage and Off Street Parking. ;2009-09-07 15:34:04.000;2009-09-07 15:34:04.000;240;;64;Ossulton Way;N2 OLB    
161;1450000.00000;48;;not specified       ;4;5;0;0;          ;Call Femi;Well presented and attractive (New Development) 5 bedrooms detached house in Deerhurst Road London NW2.Comprises of Two reception rooms, four bathrooms (3 en-suite), large entrance hall and a modern fitted kitchen. There is also an integrated garage. Close;2009-09-07 15:34:05.000;2009-09-07 15:34:05.000;240;;4;Deerhurst Road;NW2 4DE   
163;2195950.00000;50;;not specified       ;3;6;0;0;          ;;A unique opportunity to purchase this substantial detached house arranged over three floors with bright and spacious accommodation. The house has been refurbished to high standard and offers 4 receptions, 3 kitchens, 6 bedrooms, 4 bathrooms(1 en-suite), ga;2009-09-07 15:34:05.000;2009-09-07 15:34:05.000;240;;70;Chatsworth Road;NW2 4DG   
158;479950.00000;38;;not specified       ;63;2;0;0;          ;Keys in Office call tenants before hand;This beautifully presented three bedrooms flat offers bright and spacious accommodation including access to a shared garden. This property comprises attractive reception room with feature fireplace, modern kitchen, three generous bedrooms, bathroom, cloakr;2009-09-07 15:34:04.000;2009-09-07 15:34:04.000;250;;179;Brondesbury Park;NW2 5JN   
162;1795000.00000;49;;not specified       ;4;5;0;0;          ;;5 bedroom detached house with art deco features located in desirable location of Brondesbury Park. Walking distance to Kilburn Underground and Brondesbury Park Station.The property offers 5 bedrooms, 2 receptions, breakfast room, kitchen, 4 bathrooms, 5 to;2009-09-07 15:34:05.000;2009-09-07 15:34:05.000;250;;30;Manor House Drive;NW6 7DF   
152;585000.00000;30;2;not specified       ;3;3;0;1;          ;Mr Oyefeso - only ;New on the market 3 bedroom semi-detached house. The property offers 3 receptions, 3 bedrooms, 2 kitchens, bathroom, shower/toilet and back garden. Freehold  ;2009-09-07 00:00:00.000;2009-09-07 00:00:00.000;251;;44;Olive Road;NW2 6UD   
172;165000.00000;77;;not specified       ;1;1;0;0;          ;Call Tenants;New on the market 1 bedroom flat set on the first floor in this block of flats. The flat offers double bedroom, reception, kitchen and bathroom. The property is located within a good access to the jubilee line and overground trains in Cricklewood. ;2009-09-07 15:34:06.000;2009-09-07 15:34:06.000;251;;63;Ashford Court, Ashford Road;NW2 6BP   
144;340000.00000;22;;not specified       ;63;3;0;0;          ;;We are glad to present to you this purpose built 3 bedroom flat on Dollis Hill Lane. This property has three bedrooms , a separate bathroom and toilet, communal garden with parking facilities, two receptions, a separate kitchen and the property is overlook;2009-09-07 15:34:02.000;2009-09-07 15:34:02.000;252;;31;Nevilles Court;NW2 6HG   
322;13950.00000;276;2;;2;4;0;1;;Contact Landlords to arrange a viewing;We are privileged to offer this exceptional semi-detached, coner house for sale as SOLE AGENT,  The property was originally two separate flats on two floors, adapted for use as a whole house. On each floor are 4 rooms including the reception, toilet and bathroom. Shared garden and one garage to each flat. Please refer to the floor plan for more details. Total floor area 180.50 SQ.M. (1943 SQ. FT.);2010-04-28 00:00:00.000;2010-04-28 00:00:00.000;254;;98;Wrentham Avenue;NW10 3HG
142;279950.00000;21;;not specified       ;63;2;0;0;          ;Call tenants Hopkin: 0208 962 8660;We are happy to offer this lovely 1st floor 2 bedroom flat located in Kensal Rise. The property offers open plan kitchen/lounge, 2 bedrooms and bathroom;2009-09-07 15:34:02.000;2009-09-07 15:34:02.000;254;;77A;Chamberlyne Road;NW10 3WD  
145;849950.00000;23;;not specified       ;1;5;0;0;          ;Call vendor;We are happy to offer you this superb five bedroom house arranged over three floors. The property is presented in exceptional condition and comprises of 2 receptions, modern kitchen, 5 bedrooms, study room, 2 bathrooms, conservatory, garden and Off Street ;2009-09-07 15:34:02.000;2009-09-07 15:34:02.000;254;;38;Hanover Road;NW10 3DS  
150;349999.00000;28;4;not specified       ;9;3;0;0;          ;Call vendor;New on the market 1st floor 3 bedroom maisonette located close to Kensal Rise and Kensal Green Station. The property offers 3 double bedrooms, reception, bathroom, fully fitted kitchen. Laminated wood flooring throughout. Off Street Parking available ;2009-09-07 00:00:00.000;2009-09-07 00:00:00.000;254;;70A;Herbert Gardens;NW10 3BU  
159;799999.00000;47;;not specified       ;1;5;0;0;          ;;New on the Market ,1930's style semi-detached family home with benefit of self-contained two storey side extension, ideal for a rent income or guests. the property is located in a quiet cul-de-sac yet accessible to good public transport, schools and most a;2009-09-07 15:34:04.000;2009-09-07 15:34:04.000;254;;5;Egerton Gardens;NW0 3LE   
174;539950.00000;84;;not specified       ;3;3;0;0;          ;;We are happy to offer you this stunning newly refurbished to high standard 3 bedroom house built in the 1950's located close to popular bars and restaurants in Ladbroke Grove. The property offers kitchen with a dining area and a reception on the ground flo;2009-09-07 15:34:06.000;2009-09-07 15:34:06.000;255;;4;Compton Road;NW10 5BX  
141;329950.00000;20;;not specified       ;12;2;0;0;          ;Keys in Office;Two double bedroom semi-detached bungalow located in the Welsh Harp area, close to West Hendon Playing Fields and The Youth Sailing Base. The location has an easy access to M1, A5 and A406 (North Circular Road). The property features a large reception, sub;2009-09-07 15:34:02.000;2009-09-07 15:34:02.000;254;;3;Winston Avenue;NW9 7LB   
168;219950.00000;53;;not specified       ;63;2;0;0;          ;;We are happy to offer you this 2 bedroom flat. The property offers reception with balcony, separate kitchen, 2 bedrooms, bathroom and separate toilet. Leasehold.;2009-09-07 15:34:05.000;2009-09-07 15:34:05.000;254;;49;Mead Court;NW9 OXN   
137;214950.00000;17;;not specified       ;63;1;0;0;          ;Call Owner;One bedroom spacious apartment on 4th floor in ex-council block of flats. The flat has a one double bedroom, reception, separate kitchen and bathroom. Viewing highly recommended  ;2009-09-07 15:34:01.000;2009-09-07 15:34:01.000;258;Naylor House;46;Dart Street; W10 4NX  
139;224950.00000;18;2;not specified       ;8;1;0;1;          ;Keys in Office;We are happy to offer you this newly refurbished 1 bedroom ground floor flat sets in a conversion building. The flat consists of one bedroom, a large reception, a bathroom and a separate toilet. The property is very bright throughout and benefits from a ni;2009-09-07 00:00:00.000;2009-09-07 00:00:00.000;258;;111a;Canterbury Road;NW6 5SR   
140;228500.00000;19;;not specified       ;9;2;0;0;          ;Keys in Office;A two bedroom ex-local authority split level maisonette located close to Queens Park and Maida Vale.The flat benefits from two double bedrooms, reception, kitchen and 2 shower rooms with toilets.The property has own private entrance. Queens Park Station is;2009-09-07 15:34:02.000;2009-09-07 15:34:02.000;258;;10;Neville Close;NW6 5R4   
146;484950.00000;23;;not specified       ;63;3;0;0;          ;Call tenant;New on the market spacious 3 bedroom split level flat sets on 1st and 2nd floor with potential for further extension to the loft. The property offers reception, 3 bedrooms, separate kitchen, bathroom and separate toilet. Leasehold  ;2009-09-07 15:34:02.000;2009-09-07 15:34:02.000;258;;158b;Bravington Road;W9 3AP    
151;330000.00000;29;;not specified       ;63;2;0;0;          ;Key in office -  check with vendors;We are happy to offer you this two bedroom first floor flat. the property consists of 2 bedrooms, reception, fitted kitchen and bathroom. share of freehold ;2009-09-07 15:34:03.000;2009-09-07 15:34:03.000;258;;34b;Charteris Road;NW6 7ET   
167;250000.00000;52;;not specified       ;1;1;0;0;          ;;We are happy to offer this first floor double bedroom flat with open plan kitchen/lounge and bathroom. Close to transport and shops. Leasehold.;2009-09-07 15:34:05.000;2009-09-07 15:34:05.000;258;;15C;Victoria Road;NW6 6SX   
178;229950.00000;101;4;not specified       ;63;3;0;0;          ;;New on the market 3 bedroom split level flat set on the 2nd floor in the ex-local authority block of flats located close to Kilburn Park Station on Bakerloo line. The property offers 3 bedrooms, 2 receptions, 2 bathrooms, separate toilet and 2 kitchens. Go;2009-09-07 00:00:00.000;2009-09-07 00:00:00.000;258;Alpha House;19;Alpha Place;NW6 5TE   
329;194950.00000;280;2;;26;1;0;1;;;We are pleased to offer this one bedroom flat on the 9th floor, in a purpose built block of flat.this property offers a seperate kitchen, seperate toilet and bathroom, good size reception and a balcony.Viewing is highly recommended.;2010-04-29 00:00:00.000;2010-04-29 00:00:00.000;258;;53;William Dunber House;NW6 5DE
176;194950.00000;95;;not specified       ;1;2;0;0;          ;Call landlord;We are happy to offer you this 2 bedroom flat set on the 3rd floor located close to Neasden Station. The property offers 2 bedrooms, reception, kitchen, bathroom. Communal garden and allocated parking.  Leasehold.;2009-09-07 15:34:07.000;2009-09-07 15:34:07.000;261;;12;Peregrine Close;NW10 8TW  
149;354950.00000;27;;not specified       ;63;2;0;0;          ;Keys in Office;We are happy to offer you this 2 bedroom flat in Victorian House. The property offers 2 bedrooms, open plan kitchen/lounge and bathroom. Share of freehold  ;2009-09-07 15:34:03.000;2009-09-07 15:34:03.000;262;;7B;Brondesbury Villas;NW6 6AH   
166;175000.00000;50;;not specified       ;63;1;0;0;          ;key in office call tenants;Great opportunity to purchase this newly refurbished studio flat, in the excellent location of Salusbury Road, Queens Park. This flat is in a loft conversion and has been modernized to the highest of standard. It offers an open plan kitchen-lounge, with a ;2009-09-07 15:34:05.000;2009-09-07 15:34:05.000;262;;46;Salusbury Road;NW6 6NH   
169;550000.00000;54;;not specified       ;63;3;0;0;          ;kEYS IN OFFICE;This beautifully presented four bedroomed maisonette is found well arranged over the first and second floors of an attractive terraced house, well located in the very heart of picturesque Queen's Park. The property comprises wonderful reception room and;2009-09-07 15:34:06.000;2009-09-07 15:34:06.000;262;;91;Hartland Road;NW6 6BH   
173;285000.00000;77;4;not specified       ;1;1;0;0;          ;call tenants;New on the market 1 bedroom first floor flat located on a quite residential road just minutes from Queens Park Station. The property offers good size bedroom, south facing large reception, eat-in fitted kitchen, bathroom and a roof terrace.;2009-09-07 00:00:00.000;2009-09-07 00:00:00.000;262;;136;Brondesbury Villas;NW6 6AE   
323;249950.00000;278;2;;26;1;0;1;;;We are happy to offer you this 1 Bedroom ground floor flat set in a Converted building. The flat consists of One Bedroom, a Large Reception, a Bathroom and a separate Toilet. The property is very bright throughout and benefits from a nice layout.Also includes furnished kitchen with Kitchen ware and furniture. Call our office on 020 7372 5950;2010-04-28 00:00:00.000;2010-04-28 00:00:00.000;262;;111A;Canterbury Rd;NW6 5SR
177;315000.00000;97;;not specified       ;63;2;0;0;          ;call vendor;New on the market newly refurbished 2 bedroom flat set on the ground floor in this well maintained purpose building. The property is located close to Kilburn Tube Station on Jubilee Line and offers 2 bedrooms, large reception, fully fitted kitchen and a ba;2009-09-07 15:34:07.000;2009-09-07 15:34:07.000;263;Fordwych Court;1;Shoot Up Hill;NW2 3PH   
423;649950.00000;348;2;;26;3;0;1;;;A stunning luxury 3 bedroom apartment situated in Willesden Green. The property offers a fully fitted state of the art open plan kitchen, reception/diner a luxury shower room and En-suite bathroom.;2010-06-11 00:00:00.000;2010-06-11 00:00:00.000;264;;70C;Chatsworth Road;NW2 4OG
147;280000.00000;24;;not specified       ;1;2;0;0;          ;Call Vendor;Spacious split level ex-council purpose built apartment in the heart of the Brondesbury conservation area, located within a 5 minute walk of Willesden Green and Kilburn tube stations. The property comprises of 2 double bedrooms (one with a private balcony);2009-09-07 15:34:03.000;2009-09-07 15:34:03.000;265;;29;Yates Court, Willesden Lanne;NW2 5RH   
164;895000.00000;50;;not specified       ;26;3;0;0;          ;;A superb property extending over 1800 sq ft finished by the current owner to the highest standards. Accommodation comprises of a master bedroom with en-suite, two further good sized bedrooms, family bathroom, and a very large double aspect ?L? shaped recep;2009-09-07 15:34:05.000;2009-09-07 15:34:05.000;265;;70;Chatsworth;NW2 4DG   
165;439950.00000;50;;not specified       ;63;2;0;0;          ;;Well proportioned and extremely spacious two double bedroom apartment ideally located for access to Central London, The City or Canary Warf using the Jubilee line at Willesden Green station (zone 2). The property extends over 850 square feet and has all th;2009-09-07 15:34:05.000;2009-09-07 15:34:05.000;265;;70a;Chatsworth Road;NW2  4DG  
226;530000.00000;33;2;;17;5;0;0;;;FREEHOLD PROPERTY, consists of A3 Shop and 3 bedroom flat on upper two floors, located close to Kilburn High Road ;2009-11-26 00:00:00.000;2009-11-26 00:00:00.000;265;;47;Wilesden Lane;NW6 7RF
227;224950.00000;33;2;;26;1;0;1;; ;One bedroom flat in a purpose built block of flat on the 2nd floor. The property consists of reception, one bedroom with en-suite bathroom, fitted kitchen and a communual Garden. Service charge includes heating, hot water and building insurance. Viewing is highly recommended;2009-11-26 00:00:00.000;2009-11-26 00:00:00.000;265;;19;Willesden Lane;NW6 7PL
148;350000.00000;26;;not specified       ;3;3;0;0;          ;Contact vendor;A three bedroom semi-detached house situated in a residential cul-de-sac off Worcester Crescent, overlooking a communal green and within easy access of sought after local schools  ;2009-09-07 15:34:03.000;2009-09-07 15:34:03.000;267;;16;Norbury Grove;NW7 4LS   
153;169950.00000;31;;not specified       ;63;3;0;0;          ;Call Vendor;QPRE is happy to offer you this spacious split level three bedroom purpose built flat with a kitchen/dining room, a large reception and glazing throughout. The flat is close to local shops and off Greenford Avenue. The property is close to Castle Bar Park ;2009-09-07 15:34:03.000;2009-09-07 15:34:03.000;268;;84;Tyne Court;W7 3RR    
154;189950.00000;32;;not specified       ;87;1;0;0;          ;;New on the market one bedroom house with open plan kitchen, good size double bedroom and bathroom.Off Street Parking. FREEHOLD ;2009-09-07 15:34:04.000;2009-09-07 15:34:04.000;269;;29;Redwood Way;EN5 2RY   
155;185000.00000;33;;not specified       ;63;2;0;0;          ;Call Femi;RepaymentsNew on the market two bedroom flat sets on the ground floor in this well maintained purpose built property. The property is ideal for first time buyers and investors. The closest tube station is Colindale on the northern line  ;2009-09-07 15:34:04.000;2009-09-07 15:34:04.000;270;;14a;Hemswell Drive;NW9 5WN   
170;169950.00000;65;2;not specified       ;63;1;0;1;          ;Call landlord;We are happy to offer you this one bedroom ground floor flat in a well maintained ex-local authority property located just minutes from North Wembley Station. The flat offers large reception, good size bedroom, kitchen, bathroom and utility room. The garde;2009-09-07 00:00:00.000;2009-09-07 00:00:00.000;272;;13;Winthrop Walk;HA9 7TT   
171;450000.00000;68;;not specified       ;83;4;0;0;          ;Call Malcolm 07825033401;New on the market 4 bedroom town house located on quiet residential road close to parks. The property offers 4 bedrooms, 3 bathrooms (1 en-suite), reception, dining area, fully fitted kitchen, utilty room, garden and garage. Freehold;2009-09-07 15:34:06.000;2009-09-07 15:34:06.000;273;;14;Ballinger Way;UB5 6FG   
230;279950.00000;33;2;;26;2;0;1;;;A TWO BEDROOM, 2nd floor apartment within a sought-after modern development close to local transport links and A406 North Circular Road with easy access to M1 motorway.  The property offers a modern fitted kitchen with integrated appliances, an en-suite shower room to the master bedroom and a spacious lounge. Off-Street parking and gas central heating system.    ;2009-11-27 00:00:00.000;2009-11-27 00:00:00.000;274;;102;Osier Cresent;N10 1RE
229;309950.00000;33;2;;26;2;0;1;;;Two Double Bedroom flat in a New development with Concierge and Gym, En-suite shower to Master Bedroom, Fitted Kitchen with integrated Dishwasher, Washing machine and Fridge freezer. Allocated  parking space. Call our office on 020 7372 5950;2009-11-27 00:00:00.000;2009-11-27 00:00:00.000;298;;8;Stone Court;E15 4QT
175;259950.00000;85;;not specified       ;6;2;0;0;          ;;New on the market 2 bedroom ground floor flat located close to Queens Park and within easy access to Ladbroke Grove. This property offers 2 good size double bedrooms, reception, kitchen, bathroom and garden. Share of freehold. Viewing is essential. The pro;2009-09-07 15:34:06.000;2009-09-07 15:34:06.000;278;;245;Kilburn Lane;W10 4BQ   
326;499950.00000;280;2;;26;2;0;1;;;2 double bedroom ground floor flat.;2010-04-29 00:00:00.000;2010-04-29 00:00:00.000;281;Abbey House;95;Garden Road St. John's Wood London;NW8 9BY
156;1400000.00000;33;;not specified       ;27;3;0;0;          ;;We are happy to offer you this stunning 3 bedroom penthouse located on the corner of Harrowby Street and Seymour Place within walking distance to Marble Arch, Hyde Park and Marylebone High Street. The apartment offers large living area, 3 double bedrooms, ;2009-09-07 15:34:04.000;2009-09-07 15:34:04.000;284;Richbourne Court;53;Harrowby;W1H 5PT   
438;36915.00000;155;2;;26;3;0;1;;;Fully furnished, 3 bedrooms flat done to high standards is available for sale in Jakande Estate, Oke- Ofa, Isolo, Lagos State. This property offers a three double bedroom with En-suite in every room, 24 hours Solar Powered Water Heater. Title is The Goverment's letter of allocation.  Please call our office on +442073725950 for more details;2010-06-14 00:00:00.000;2010-06-14 00:00:00.000;156;;0;OKE OFA;LAGOS
441;125000.00000;155;2;;4;5;0;1;;;On offer for sale is this 5 bedroom Duplex. This property offers 5 large bedrooms all en-suite, large fitted kitchen, Cinema room upstairs, study room, 3 storage rooms, large reception, large dining room and has a running bore-hole. The house is currently at tiling level and some of the tiles have been bought and currently being stored in the B-Q, also done is a substantial part of the POP has also been done.;2010-06-14 00:00:00.000;2010-06-14 00:00:00.000;156;;0;Victory Road, Eze Gbaka-Gbaka Avenue, Woji - Port;PORT- HA
365;10850.00000;291;2;;18;0;0;0;;;FANTASTIC OFFER! We are pleased to present this amazing opportunity to own your own plot of land on Eleko Beach Road, Lekki Penninsula.,Lagos State. These Plots of Land measuring 7200Sq/m per plot are directly opposite Amen estate (properties advertised on our site). We currently have 18 plots of land for sale and the Title is the Government Official Gazette. This is a great investment opportunity.;2010-05-11 00:00:00.000;2010-05-11 00:00:00.000;296;;0;Eleko Beach Road;Lagos State
429;80500.00000;155;2;;18;0;0;1;;;QPRE offers three plots of Land - measuring 707.266 Sq/m, 707.227 Sq/m and 649.498Sq/m along Ikodoru Road Expressway. Title is The Deed of Conveyance. Good investment opportunity.  For more information please call us on +442073725950;2010-06-14 00:00:00.000;2010-06-14 00:00:00.000;296;;0;IKORODU RD EXPRESSWAY, IDERA, MILE 14  ;Lagos
439;340000.00000;155;2;;87;6;0;1;;;A good mix of properties is planned for this location and they also vary in style, so most types have at least two different designs:     6 bedroom detached villas, with all bedrooms en-suite  5 bedroom detached houses, with all bedrooms en-suite  5 bedroom semi-detached houses, with all bedrooms en-suite    4 bedroom semi-detached houses, with 2 en-suite and one shared bathroom  4 bedroom terraces with 2 en-suite and 1 shared bathroom  4 bedroom town houses with 2 en-suite and 1 shared bathroom    3 bedroom apartments in fully serviced and portered condominium blocks  All apartments having dedicated car parking spaces, gymnasium, pool, tennis court and staff’s quarters  3 bedroom apartments in low rise portered blocks.   ;2010-06-14 00:00:00.000;2010-06-14 00:00:00.000;296;;0;Eleko Beach Road;Lagos
372;29532.00000;155;2;;18;0;0;1;;;Currently available for sale is a plot of land measuring 672.803Sq/m, consisting of an uncompleted 4 bedrooms Bungalow to Lintel level. The Title is The Registered Survey and receipt.;2010-05-13 00:00:00.000;2010-05-13 00:00:00.000;296;;0;BABAJIDE FATULA STREET;Lagos
374;20022.00000;155;2;;18;0;0;1;;;Pleased to offer this plot of land at Samuel Okunola Street, off Ago Palace Way ,Lagos,  Nigeria. Good investment opportunity.  For more information please call us on +442073725950;2010-05-13 00:00:00.000;2010-05-13 00:00:00.000;296;;0;SAMUEL OKUNOLA STREET;Lagos
375;2701174.00000;155;2;;54;0;0;1;;;We are pleased to offer this Plot with 2 number 2 Bays Warehouse of 5183.60 square meters comprising of Bakery HAll, Confectionery Departhjment, Manager's office, Sales office, and stores, separate staff canteen and larger unbuilt area for trucks and dismantling unit.;2010-05-13 00:00:00.000;2010-05-13 00:00:00.000;296;;0;Wharf Road;Lagos State
336;4500.00000;155;2;;18;0;0;1;;;Looking to invest on the Lagos - Ibadan express way, this is your chance. On offer is this plot of land in Mowe, very close to The Redeemed Christian church of God. Installment payment plan available;2010-04-29 00:00:00.000;2010-04-29 00:00:00.000;296;;0;Lagos Land;MOWE
341;210000.00000;155;2;;87;4;0;1;;;We are pleased to offer this newly built luxurious 4 Bedroom Detached Villa in Lekki Peninsula, on the prestigious Lagos Island, Nigeria. This property offers a 4 large King size rooms, 4.5 bath, 4 Receptions rooms, large fitted kitchen a Balcony/Terrace. Even with the Credit crunch properties in Nigeria are still worth investing in. Spread your investments and will be amazed what you can achieve.;2010-04-29 00:00:00.000;2010-04-29 00:00:00.000;296;The Baale;0;Eleko Beach Road ;Lekki Penninsula
348;125000.00000;155;2;;26;3;0;1;;;We are pleased to offer this three bedroom  flat. This property offers 3 Bedroom Apartment with 3 baths and 2 Balconies/Terraces . All properties have an optional BQ on request.   Call us on 02075625950 to make a reservation today    ;2010-04-30 00:00:00.000;2010-04-30 00:00:00.000;296;;0;Eleko Beach Road, ;Lagos
349;110000.00000;155;2;;26;3;0;1;;;We are pleased to offer you this new built 3 bedroom Apartments. this property offers a three double bedroom, 3.5 baths, Large thru front to back Lounge, 2 Balconies/Terraces. there is an option of having a BQ on request. Call our office on 02073725950 for more details    ;2010-04-30 00:00:00.000;2010-04-30 00:00:00.000;296;Condominium Apartments ;0;Eleko Beach Rd;Lagos
428;9465910.00000;155;2;;1;0;0;1;;;"REAT INVESTMENT OPPORTUNIY. We are pleased to offer this plot measuring 18165.245 Sq/m and consisting of; Administrative office Block of 3 floors, sales and show rooms, and a storey building for staff canteen on the ground floor, upstairs contains security office and stores, Drivers office and ";2010-06-14 00:00:00.000;2010-06-14 00:00:00.000;296;;0;Wharf Road, Apapa;LAGOS
430;6900.00000;155;2;;18;0;0;1;;;FANTASTIC OFFER! We are pleased to present this amazing opportunity to own your own plot of land on Eleko Beach Road, Lekki,Lagos State. These Plots of Land measuring 600Sq/m per plot are directly opposite Amen Estate (properties advertised on our site). We currently have 18 plots of land for sale and the Title is the Government Official Gazette. This is a great investment opportunity.;2010-06-14 00:00:00.000;2010-06-14 00:00:00.000;296;;0;Eleko Beach Road, Lekki;Lagos State
377;17022.00000;155;2;;54;0;0;1;;;A  Plot of land  measuring 669.620 Sq/m at Omitoro Village, off Ijede Road is available for sale. Good investment opportunity.  For more information please call us on 02073725950;2010-05-13 00:00:00.000;2010-05-13 00:00:00.000;296;;0;OMITORO VILLAGE;Lagos
378;150937.00000;155;2;;18;0;0;1;;;On offer is this 5 bedroom duplex (all rooms en-suite) with 2 mini flat and one 3 bedroom flat on a full plot at Fagbourn street.  Good investment opportunity. For more information please call us on 02073725950;2010-05-13 00:00:00.000;2010-05-13 00:00:00.000;296;;GOWON ESTATE;FAGBOUN STREET;Lagos
379;12766.00000;155;2;;18;0;0;1;;;Two plots of land measuring 1319.101Sq/m at Abule-Eko Village, off Ijede Road is available for sale for 12,766 per plot. Good investment opportunity.  For more information please call us on +442073725950;2010-05-13 00:00:00.000;2010-05-13 00:00:00.000;296;;0;ABULE-EKO VILLAGE;Lagos
440;3132747.00000;155;2;;86;0;0;1;;;We are pleased to offer this 6011.795Sq/m Plot which consisting of 2 Bays Warehouse of capacity which is centrally located on the entire complex, central spare parts sales office and stores, maintenance workshop, car shed and a storey structure for General Manager's office, Accounts Department, Cashier's office, spare parts office. A large un- built area for serviced and unclaimed vehicles.;2010-06-14 00:00:00.000;2010-06-14 00:00:00.000;296;;0;Wharf Road;Lagos State
220;280000.00000;155;2;;57;5;1;1;;;We are pleased to offer this newly built luxurious 5 Bedroom Detached Villa in Lekki Peninsula, on the prestigious Lagos Island, Nigeria. This property offers a five large King size rooms, 5.5 bath, 4 Receptions rooms, large, fitted kitchen a Balcony/Terrace. Even with the Credit crunch properties in Nigeria are still worth investing in. Spread your investments and will be amazed what you can achieve.  ;2009-11-04 00:00:00.000;2009-11-04 00:00:00.000;296;;0;Eleko Beach Road;Nigeria
373;48000.00000;155;2;;10;3;0;1;;;3 bedrooms Bungalow on a plot of land measuring 641.047Sq/m at Jakande Estate, Isolo, Lagos State. The Title is The Registered Survey, Job Card and Receipt. Please call on 02073725950 for more information.;2010-05-13 00:00:00.000;2010-05-13 00:00:00.000;296;;OKE AFA;JAKANDE ESTATE;Lagos
437;4000.00000;155;2;;18;0;0;1;;;We are pleased to offer this piece of land for sale in Cadastral Zone 4, Gwagwalada in the capital city of Abuja, Nigeria. The plot measures 1602Sq.m and the Title is the Certificate of Occupancy. Good returns on investment.;2010-06-14 00:00:00.000;2010-06-14 00:00:00.000;311;;0;Cadastral Zone 4;ABUJA
376;2200.00000;155;4;;18;0;0;1;;;We are pleased to offer this piece of land for sale at Gwagwalada in the capital city of Abuja, Nigeria. The plot measures 1000Sq.m and it is for a residential purpose only.This land is very close to the University of Abuja and it is a good opportunity to acquire your plots of land as the city is fast developing and good returns on investment.;2010-05-13 00:00:00.000;2010-05-13 00:00:00.000;311;;0;Gwagwalada;Lagos
442;10500.00000;155;2;;18;0;0;1;;;We are pleased to offer this plot of land at Jikwoyi, F.C.T Abuja. This plot measures 1000Sq.m and is for  a residential purpose. Title is The Certificate of occupancy. This is a good investment opportunity.;2010-06-14 00:00:00.000;2010-06-14 00:00:00.000;311;;0;Jikwoyi, F.C.T. ;ABUJA
392;70100.00000;155;2;;18;0;0;1;;;Selling fast are these plots of land at  Sabon Lugbe, F. C.T Abuja. We currently have 1.5 HECTRES (15,000Sq/m)  and it is for a multifunctional purpose.Title document is the Letter of Offer and a good investment opportunity.THIS PRICE IS SUBJECT TO AVAILABILITY;2010-05-19 00:00:00.000;2010-05-19 00:00:00.000;311;;0;Sabon Lugbe, F.C.T. ;LUGBE
393;45000.00000;155;2;;18;0;0;1;;;On offer is  this plot of land at Apo Resettlement, F.C.T Abuja. This plot measures 550Sq/m and is for a residential purpose.Available Title is the Allocation letter . Good investment opportunity.;2010-05-19 00:00:00.000;2010-05-19 00:00:00.000;311;;0;Apo, F.C.T;APO
333;5000.00000;155;2;;18;0;0;1;;;On offer is  this plot of land at Lugbe, F.C.T Abuja. This plot measures 3000Sq/m and is for a multifunctional purpose. The price includes the fee for the Change of ownership with the Area Council, registration with Abuja Geographic information System who eventually issues the Certificate of occupancy. Good investment opportunity.;2010-04-29 00:00:00.000;2010-04-29 00:00:00.000;311;;0;Lugbe;Nigeria
334;5000.00000;155;2;;18;0;0;1;;;QPRE are pleased to offer this plot of land at Kugbo, F.C.T Abuja. This plot measures 690Sq/m and is for a residential purpose. The price includes the fee for the Change of ownership with the Area Council, registration with Abuja Geographic information System who eventually issues the Certificate of occupancy. Good investment opportunity.;2010-04-29 00:00:00.000;2010-04-29 00:00:00.000;311;;0;Kuruduma;ABUJA
339;3100.00000;155;2;;18;0;0;1;;;Plot of land available at Kugbo, F.C.T Abuja. This plot measures 1000Sq/m and is for a residential purpose. The price includes the fee for the Change of ownership with the Area Council, registration with Abuja Geographic information System who eventually issues the Certificate of occupancy. Good investment opportunity.;2010-04-29 00:00:00.000;2010-04-29 00:00:00.000;311;;0;Kugbo;Nigeria
342;2700.00000;155;2;;18;0;0;1;;;We are pleased to offer this plot of land at Lugbe, F.C.T Abuja. This plot measures 2100Sq/m and is for a residential purpose. The price includes the fee for Change of Ownership with  the area council and registration with Abuja Geographic information System who eventually issues the Certificate of occupancy. Good investment opportunity.;2010-04-29 00:00:00.000;2010-04-29 00:00:00.000;311;;0;LUGBE ;F.C.T 
343;2700.00000;155;2;;18;0;0;1;;;We are pleased to offer this plot of land at Kurudu, F.C.T Abuja. This plot measures 1000Sq/m and is for a residential purpose. The price includes the fee the Change of ownership with the area council, registration with Abuja Geographic information System who eventually issues the Certificate of Occupancy. Good investment opportunity.;2010-04-29 00:00:00.000;2010-04-29 00:00:00.000;311;;0;Kurudu, ;F.C.T. 
344;2200.00000;155;4;;18;0;0;1;;;We are pleased to offer this piece of land for sale at Gwagwalada in the capital city of Abuja, Nigeria. The plot measures 1000Sq/m and is for a residential purpose only.This land is very close to the University of Abuja and it is a good opportunity to acquire your plots of land as the city is fast developing and good returns on investment expected.;2010-04-29 00:00:00.000;2010-04-29 00:00:00.000;311;;0;Gwagwalada;Nigeria
436;4100.00000;155;2;;18;0;0;1;;;Plot of land available at Kugbo, F.C.T Abuja. This plot measures 1000Sq/m and is for a residential purpose.Title document is Abuja Geographic information System who eventually issues the Certificate of occupancy. Good investment opportunity.;2010-06-14 00:00:00.000;2010-06-14 00:00:00.000;311;;0;Kugbo, F.C.T.;ABUJA
340;270000.00000;155;2;;87;5;0;1;;;Queens Park Real Estate is privileged to offer this beautiful 5 Bedrooms Detached Bungalow located in a highly sought after area IN OLD BODIJA, GRA, IBADAN NORTH, OYO STATE, NIGERIA. The property consists of 2 Reception Rooms, Dining Room, 4 Bathrooms of which 3 are  en-suite bathrooms, Laundry and Guest Toilet, Double Integrated Garages, Security post and a large courtyard/internal garden.    ;2010-04-29 00:00:00.000;2010-04-29 00:00:00.000;315;;3; Berkley Street;Old Bodija
496;0.00000;425;2;;2;2;1;1;;;We are pleased to offer for sale this newly refurbished 2 bed End of Terrace house located in a popular cul-de-sac approximately 5 minutes walk from Abbeywood Train Station with planning for an extension to the side approx 30ft by 13ft. The property comprises of entrance porch, living room and kitchen. Upstairs are two separate bedrooms and bathroom. Further benefits include concealed heating, wood flooring.    MEASUREMENTS    BEDROOM 1 : 12'7 X 10'10  BEDROOM 2 : 12'10 X 7'10    LOUNGE : 14'1 X 10'10  KITCHEN : 14'1 X 11'5    BATHROOM : 8'2 X 5' 11;2010-08-16 00:00:00.000;2010-08-16 00:00:00.000;299;;40;dalberg way;se2 9sl
458;225000.00000;363;2;;1;2;1;1;;;Alan Wyatt Estate Agents are pleased to market this newly refurbished 3 bed terraced house in the Catford Vicinity. The property is located in a quiet residential area and benefits from 3 double bedrooms, large lounge, wooden flooring, front and rear garden, separate bathroom and toilet, double glazing. Bellingham ststion is within minutes from the property.;2010-06-18 00:00:00.000;2010-06-18 00:00:00.000;301;;76;Castillion road;se6 1qb
459;183000.00000;364;4;;63;4;1;1;;;Good size 4 bedroom maisonette for sale in Deptford, SE8. A split level ex-local authority flat, currently let at ?276.92 per week, which lends itself ideally as a rental investment. The accommodation to the lower floor includes the reception room and kitchen, whilst to the upper floor includes all four rooms,good size rooms, separate bathroom with shower and toilet.Offers O.I.R.O of ?190,000.;2010-06-18 00:00:00.000;2010-06-18 00:00:00.000;302;;46;giffin;se8 4rh
455;469995.00000;360;2;;3;4;1;1;;;"Alan Wyatt Estate Agents are proud to present this 4 Bedroom Semi-detached property for sale. This 1930s freehold property with 2 toilets, through lounge, bathroom, spacious kitchen, garage and 90"" rear garden. It is offered on the market free of any chain. Double glazed and Gas Central Heating. Spacious loft with scope for coversion. Parking: Garage and ample street parking.";2010-06-18 00:00:00.000;2010-06-18 00:00:00.000;303;;12;woodcombe crescent;se23 3bg
364;750000.00000;290;4;;1;4;1;1;;;A Delightful 4 bed Terraced period home in the Greenwich Vicinity.The property offers sumptuous living space with 2 double and 2 twin double rooms and a further 2 double bedroom in the basement. If its space and Location you are after then look no further. The property is within a stone throw from Greenwich and Deptford DLR train Station. Reduced for a quick sale.;2010-05-10 00:00:00.000;2010-05-10 00:00:00.000;285;;70;Greenwich High Road;Se10 8LF
452;155000.00000;343;2;;63;2;1;1;;;Newly refurbished ground floor 2 bed flat in the Lewisham Vicinity. The property offers a large open plan fully kitchen and living room, large double size bedroom with built in wardrobes, wooden flooring, and double glazing.The property is conveniently located off Lee high street and just minutes to Lewisham Town centre and DLR. This would be an ideal first time buy or buy to let property.;2010-06-18 00:00:00.000;2010-06-18 00:00:00.000;306;Eastdown Court;3;Eastdown Park;se13 5hu
461;195995.00000;366;2;;63;1;1;1;;;Set on the 1st floor of a brand new development, this smart one bedroomed flat offers a modern interior with stylish fittings and wood-effect floors. With good proportions throughout, the property comprises spacious reception room with sleek and contemporary open-plan kitchen, bedroom, chic bathroom and private balcony.This property is off plan and completes in october, Pictures are only a guide.;2010-06-18 00:00:00.000;2010-06-18 00:00:00.000;306;;A1.05;conington road;se13 7fh
494;110000.00000;424;2;;63;1;1;1;;;Calling all investors. Alan Wyatt Estate Agents are pleased to present this 1 bed flat off the Old Kent Road Vicinity.  The property is a  first floor apartment suitable for investment,open plan kitchen living room, double size bedroom and wooden flooring, with  a 117 year lease, it  will give you 7% gross return on your investment , currently renting at ?700 a month it can give you greater return;2010-08-16 00:00:00.000;2010-08-16 00:00:00.000;307;;3;Colgrove road;se15 6ne
498;289995.00000;427;2;;1;2;1;1;;;"Located within a quite cul-de-sac close to amenities is this mid terrace, freehold house. The property comprises 18"" Lounge, fitted kitchen and downstairs wc. Then to the first floor are two double bedrooms with fitted wardrobes and a large bathroom suit. The property comes with a garage and a private rear garden. Viewings are highly recommended.    Located at Upper Sydenham, 3 minutes walk to Kelvin Grove Primary school, which is famous for its English, Maths and music, 7 minutes to private school Sydenham high school for girls, Catchment area for haberdasher's hatchman college and Harris high school, 10 minutes bus to Alleyn's school. 7 minutes walk to Sydenham Golf course, 7 minutes to Horniman museum and gardens, 2 minutes to local park across the road, Bus 356,176,197,122 to Forest Hill station, 176, 197 122 to Sydenham station, East London line extention.   Enviromental search both from homecheck.co.uk and enviroment agency show no high risk of flooding, subsidence, pollution, radon, and not a past landfill site. These characters are not the same as those in the market at the same price range. You can find most of the houses on the market they are either at flood area or at a past landfill site. While as gainsborough mews both clean at homecheck website and enviroment agency website are very rare.   Between 2006 and 2008, the price of Gainsborough Mews increased ?80,000.     Property Features  Freehold Property  1970's Mid Terrace  Quiet Location  Two Double Bedrooms  Garage  Close to Amenities  Courtyard Garden  Double Glazing";2010-08-16 00:00:00.000;2010-08-16 00:00:00.000;309;;2;Panmure road;se26 6ne
454;165000.00000;359;2;;63;2;1;1;;;A well presented 2 bedroom 2 bath apartment situated on the third floor of the popular and sought after Vista Building. Located in the heart of Woolwich and just behind the shopping centre it offers Open Plan Kitchen and living room,wooden flooring, fully fitted kitchen, en suite to master bedroom, concierge, and just 5 minutes to Woolwich DLR. This property would be perfect as a buy to let.;2010-06-18 00:00:00.000;2010-06-18 00:00:00.000;310;vista building;311;calderwood street;se18 6jh
493;209995.00000;423;2;Fully Furnished;1;2;1;1;;Call Susan;Alan Wyatt Estate Agents are excited to offer this Crest Nicholson built modern two double bedroom terraced house. The property is located within a private development within close proximity to all transport links and local amenities including schools, health and leisure centre. The property benefits from two allocated parking spaces, downstairs WC, full fitted kitchen, 16ft lounge with doors leading to the 40ft rear garden. Upstairs offers two double bedroom and a three piece bathroom suite.     Call 0208 694 2960 today to arrange your earliest appointment.     Room Dimensions  Entrance   Entrance Hall   Reception 16'1 x 12'1   Kitchen 10'3 x 6'1   Bedroom 1 12'8 x 10'   Bedroom 2 12'1 x 10'   Bathroom 6' x 5'7   Garden 40';2010-08-16 00:00:00.000;2010-08-16 00:00:00.000;304;;33;Pennington Way;SE12 9QA
460;459995.00000;365;4;;1;4;1;1;;;Delightful 4 bed house in the Bermondsey vicinity.Set over 3 floors the property benefits from 4 double rooms, huge living, fully fitted kitchen, laminated flooring, Gas central heating,double glazing,conservatory and a 70 ft rear garden. Ideal as a buy to let or a family home.;2010-06-18 00:00:00.000;2010-06-18 00:00:00.000;240;;12;lynton road;se1 5qr
328;465000.00000;281;2;;26;3;0;1;;;New on the market spacious 3 bedroom split level flat sets on 1st and 2nd floor with potential for further extension to the loft. The property offers reception, 3 bedrooms, separate kitchen, bathroom and separate toilet. Leasehold.Call our office on 020 7372 5950;2010-04-29 00:00:00.000;2010-04-29 00:00:00.000;291;;158b;Bravington Road;W9 3AT
337;4255292.00000;155;2;;18;0;0;1;;;We are pleased to offer this plot of land in Hamriyah Free zone. it posseses a  Warehouse and service center.;2010-04-29 00:00:00.000;2010-04-29 00:00:00.000;317;;88;Shajah;U.A.E
417;21000.00000;155;2;;63;1;0;1;;;QPRE are proud to offer for sale in moubark 2,this stunning one bedroom apartment. This property covers an area of 60m2 and boasts of a  good size reception, king size bedroom, three piece bathroom, balcony, fitted kitchen, 2 installed Air- cons, 15min from the beach. Highly recommended;2010-06-03 00:00:00.000;2010-06-03 00:00:00.000;314;;0;Moubark 2;Hurghada
432;56000.00000;155;2;;26;1;0;1;;;Available for sale in El Kawser is this stunning one bedroom apartment. This property covers an area of 80m2 and boasts of a communal pool, good size reception, king size bedroom, three piece bathroom, balcony, fitted kitchen, common parking, installed Air- cons, 15min from the beach and 5mins to the airport. Highly recommended;2010-06-14 00:00:00.000;2010-06-14 00:00:00.000;314;;0;El Kawser;EL KAWSE
433;53000.00000;155;2;;26;1;0;1;;;Available for sale in El Kawser is this stunning one bedroom apartment. This property covers an area of 80m2 and boasts of a communal pool, good size reception, king size bedroom, three piece bathroom, fitted kitchen, common parking, installed Air- cons, 10min to the beach. Highly recommended;2010-06-14 00:00:00.000;2010-06-14 00:00:00.000;314;;0;El Kawser, ;EGYPT
431;653916.00000;155;2;;87;4;0;1;;;QPRE offers this stunning, luxurious B each front town house in Ras Al Khaimah, U.A.E. This property overlooks the beach and it offers three master bedrooms, large living area, separate dining room, large kitchen and a garage. Looking to escape the hustle and bustle of Dubai and own a luxurious property. This is a great opportunity.;2010-06-14 00:00:00.000;2010-06-14 00:00:00.000;316;;0;RAK Beach front ;RAK
330;653916.00000;155;2;;87;4;0;1;;;QPRE offers this stunning, luxurious b each front town house in ras al khaimah, u.a.e. this property overlooks the beach and it offers three master bedrooms, large living area, separate dining room, large kitchen and a garage. looking to escape the hustle and bustle of dubai and own a luxurious property. this is a great opportunity.;2010-04-29 00:00:00.000;2010-04-29 00:00:00.000;316;;0;RAK Beach front ;RAK
416;380000.00000;340;2;;88;5;0;1;;;On offer! For Sale is this amazing 5 bedrooms villa in Al Zahra - Ajman, this Villa offers 5 bathrooms, living room, dining room, kitchen, balcony, split A/c in each room including kitchen. Total plot space is 464,51 sq. ft.  Please call us on 02073725950 for more information.;2010-05-28 00:00:00.000;2010-05-28 00:00:00.000;313;;0;Al Zahra - ;AJMAN
335;48791.00000;155;2;;26;0;0;1;;;On offer is this studio flat in the heart of Ajman, U.A.E. This flat is situated in a new development building and offers a 3-piece bathroom and an open- plan kitchen lounge. This property is available on a 5yrs interest free payment plan with a 4% initial deposit. If you are looking to buy an holiday home or invest in properties in U.A.E, this is a great opportunity.;2010-04-29 00:00:00.000;2010-04-29 00:00:00.000;313;;3;Persepolis Tower,Park View, ;U.A.E
345;154500.00000;155;2;;26;2;0;1;;;We are pleased to market this two bedrooms apartment in Ajman 1 towers. This apartment boasts of a living diner space, fitted kitchen, separate toilet, three- piece bathroom, master bedroom with en-suite toilet and bathroom, large bedroom en-suite, store, laundry room and a balcony which gives a good view of the beach.  ;2010-04-29 00:00:00.000;2010-04-29 00:00:00.000;313;1 Towers;1; AJMAN;UAE
347;125000.00000;155;2;;26;2;0;1;;;We are pleased to offer this 2 bedroom flat  in the heart of Ajman, U.A.E  for sale . This flat is situated in a new development building and offers a 3-piece bathroom,seperate toilet, fitted kitchen, 2 double bedrooms,good size living area, store and a balcony. If you are looking to buy an holiday home or invest in properties in Ajman, this is a great opportunity.;2010-04-30 00:00:00.000;2010-04-30 00:00:00.000;313;;0;Emirates City, Paradise Lake; Ajman
350;108435.00000;155;2;;26;2;0;1;;;We are pleased to offer this 2 bedroom flat  in the heart of Ajman, U.A.E  for sale . This flat is situated in a new development building and offers a 3-piece bathroom,seperate toilet, fitted kitchen, 2 double bedrooms,good size living area, store and a balcony. This property is available on a 5yrs interest free payment plan with a 4% initial deposit. If you are looking to buy an holiday home or invest in properties in Ajmani, this is a great opportunity.;2010-04-30 00:00:00.000;2010-04-30 00:00:00.000;313;;0;Park View;UAE
351;106000.00000;155;2;;26;1;0;1;;;We are pleased to offer this 1 bedroom flat  in the heart of Ajman, U.A.E for sale . This flat is situated in a new development building and offers a 3-piece bathroom,fitted kitchen, large double bedroom,good size living area, store and a balcony. This property is available on a 5yrs interest free payment plan with a 4% initial deposit. If you are looking to buy an holiday home or invest in properties in Ajman, this is a great opportunity.;2010-04-30 00:00:00.000;2010-04-30 00:00:00.000;313;Persepolis Tower;0;Park View;U.A.E
352;105000.00000;155;2;;26;1;0;1;;;We are pleased to market this 0ne bedroom apartment in Ajman 1 towers. This apartment boasts of a living diner space, fitted kitchen, separate toilet, three- piece bathroom, large bedroom and a balcony which gives a good view of the beach.  ;2010-04-30 00:00:00.000;2010-04-30 00:00:00.000;313;;1;Ajman ;UAE
332;50316.00000;155;2;;26;0;0;1;;;Persepolis Tower is a new development in the heart of of Ajman, U.A.E. This studio flat offers a 3-piece bathroom and an open- plan kitchen lounge. If you are looking to buy an holiday home or invest in properties in the U.A.E, this is a great opportunity.Available is a 5yrs interest free payment plan with 4% initial deposit.;2010-04-29 00:00:00.000;2010-04-29 00:00:00.000;313;;0; Persepolis Tower, Park View, U.A.E;Ajman
457;164995.00000;362;2;;63;2;1;1;;;Stunning and newly refurbished 2 bed flat in the newcross vicinity. the property is in the famous myers lane development, has just been newly refurbished throughout. new carpets throughout, new bathroom, new kitchen, offers a double and a good size single  a close to all amenities and just 5 minutes walk to Newcross station. This property is ideal for first time buyer or as a buy to let;2010-06-18 00:00:00.000;2010-06-18 00:00:00.000;308;Henderson court;13;myers lane;se14 5rx
456;294995.00000;361;2;;63;0;1;1;;;Bright and well presented studio flat situated in this secure building close to popular Fulham Road. The property is in good condition and comprises light studio/reception room, well equipped kitchen and bathroom . The flat is conveniently located close to the many amenities and facilities of Fulham Road.  The nearest underground station is South Kensington (Circle, District and Piccadilly lines).;2010-06-18 00:00:00.000;2010-06-18 00:00:00.000;305;;106;pond place;SW3 6QT
497;239995.00000;426;2;;63;2;1;1;;;Alan Wyatt Estate agents are pleased to present to the market this very spacious 2 bed ex local authority flat on the 7th floor in the Canary Wharf Vicinity. The property offers a huge double and a good size double bedroom, fully fitted kitchen,laminate flooring throughout, large lounge, balcony, concierge, fully double glazed, good quality white goods, modern bathroom with tiled flooring and bags of storage space.    The property is only minutes from South Quay station and Canary wharf is only 15 minutes from the property.    This well known location of the Quarter Deck is well sought after hence all the new developments in the vicinity.It is local to all amenities and transport with easy commute to most vicinities.    Furniture in the property can be sold with the property if need be as the property is currently being let and achieves ?1400 per calender month.    MEASUREMENTS    RECEPTION : 15'9 X 12'2  ( 4.80 X 3.71 M )    BEDROOM 1 : 15'11 X 8'7  (4.85 X 2.62 M)    BEDROOM 2 : 15'1 X 7'9   (4.60 X 2.36 M )    KITCHEN : 11'11 X 7'3     (3.63  X 2.21 M)    SQUARE FOOTAGE 662 SQ FT / 61.54 SQM    Lease: 98 years    Service Charge: 110per month    Council Tax: ?80    ;2010-08-16 00:00:00.000;2010-08-16 00:00:00.000;300;Midship Point;28;malabar street;e14 8sw
